{
    "accuracy": 0.9212962985038757,
    "loss": 0.3498682677745819
}