{
    "accuracy": 0.9166666865348816,
    "loss": 0.2890739142894745
}