{
    "accuracy": 0.9120370149612427,
    "loss": 0.2789555490016937
}