{
    "accuracy": 0.9583333134651184,
    "loss": 0.13677282631397247
}