{
    "accuracy": 0.9537037014961243,
    "loss": 0.16194643080234528
}