{
    "accuracy": 0.4000000059604645,
    "loss": 3.2960572242736816
}