{
    "accuracy": 0.9333333373069763,
    "loss": 0.21609945595264435
}