{
    "accuracy": 0.9490740895271301,
    "loss": 0.15362675487995148
}